,City,Cloudiness,Country,Date,Humidity,Lat,Lng,Max Temp,Wind Speed
0,atuona,32,PF,1666558065,74,-9.8,-139.0333,77.11,16.98
1,hare bay,23,US,1666558361,50,30.671,-97.2731,87.85,22.82
2,vaini,20,TO,1666558361,69,-21.2,-175.2,75.36,13.8
3,ushuaia,75,AR,1666558162,71,-54.8,-68.3,49.66,8.05
4,bredasdorp,83,ZA,1666557708,84,-34.5322,20.0403,63.09,10.56
5,punta arenas,96,PH,1666558362,89,8.9897,125.34,76.93,1.79
6,rikitea,100,PF,1666558362,79,-23.1203,-134.9692,72.79,11.9
7,port alfred,67,CD,1666558363,41,-7.0349,29.7638,78.21,5.37
8,cedar city,0,US,1666558167,51,41.2122,-92.5257,82.47,24.16
9,richards bay,0,US,1666558363,49,46.8361,-95.9123,73.44,20.71
10,sao joao da barra,0,IN,1666558363,55,20.5113,76.2129,65.5,0.76
11,makakilo city,20,US,1666558364,67,21.3524,-158.0865,83.55,12.66
12,lebu,2,CL,1666558364,69,-37.6167,-73.65,53.92,10.29
13,agucadoura,100,PT,1666558366,86,41.4318,-8.7804,63.25,12.41
14,castro,0,BR,1666558367,68,-24.7911,-50.0119,68.9,2.46
15,hermanus,61,ZA,1666558367,85,-34.4187,19.2345,65.8,13.58
16,san patricio,67,ML,1666558168,31,13.3034,-4.8956,87.4,2.55
17,xichang,71,CN,1666558367,93,27.8964,102.2634,58.05,0.78
18,alta floresta,75,NO,1666558094,79,69.9689,23.2717,37.18,18.41
19,carnarvon,13,AU,1666558368,67,-24.8667,113.6333,67.57,15.97
20,nanortalik,100,GL,1666558368,94,60.1432,-45.2371,37.6,5.86
21,yellowknife,75,CA,1666557839,69,62.456,-114.3525,28.92,6.91
22,mar del plata,20,ES,1666558369,49,43.4002,-4.0094,71.47,12.66
23,kodiak,0,US,1666558369,49,57.79,-152.4072,44.11,18.41
24,souillac,75,MU,1666558370,83,-20.5167,57.5167,73.78,3.44
25,harper,88,LR,1666558165,86,4.375,-7.7169,77.29,6.4
26,palma,20,ES,1666558343,81,39.5694,2.6502,71.4,1.01
27,provideniya,75,RU,1666558370,100,64.3833,-173.3,28.51,2.24
28,arraial do cabo,30,BR,1666558371,66,-22.8362,-46.646,70.68,9.04
29,grand baie,100,US,1666558371,49,38.8755,-109.5012,41.99,4.12
30,lorengau,60,PG,1666558371,65,-2.0226,147.2712,81.86,3.0
31,balsas,49,BR,1666558130,39,-7.5325,-46.0356,89.2,2.93
32,saint-joseph,33,RE,1666558372,82,-21.3667,55.6167,68.38,8.99
33,banjar,66,ID,1666558372,91,-8.19,114.9675,77.07,5.03
34,teya,100,RU,1666558373,79,60.3778,92.6267,28.69,12.24
35,faya,14,SA,1666558373,62,18.3851,42.4509,62.71,2.1
36,novokruchininskiy,49,RU,1666558373,76,51.7833,113.7667,19.13,2.55
37,san cristobal,67,ML,1666558168,31,13.3034,-4.8956,87.4,2.55
38,coquimbo,75,CL,1666558374,77,-29.9533,-71.3436,58.73,11.5
39,saskylakh,67,RU,1666558374,99,71.9167,114.0833,3.31,5.77
40,pechenga,99,RU,1666558374,75,69.5259,31.1703,37.53,21.18
41,puerto ayora,0,ES,1666558375,86,36.5939,-6.233,68.25,2.3
42,ust-nera,77,RU,1666558375,99,64.5667,143.2,-8.97,4.72
43,port alberni,67,CD,1666558363,41,-7.0349,29.7638,78.21,5.37
44,kapaa,75,US,1666558376,79,22.0752,-159.319,82.09,10.36
45,khash,0,IR,1666558376,29,28.2211,61.2158,62.1,2.55
46,dikson,100,RU,1666558376,86,73.5069,80.5464,26.82,19.51
47,torquay,100,GB,1666558377,97,50.4638,-3.5143,56.59,1.01
48,nikolskoye,100,RU,1666558377,89,59.7035,30.7861,42.69,6.26
49,geraldton,84,AU,1666558377,67,-28.7667,114.6,63.72,14.47
50,kahului,0,US,1666558239,57,20.8947,-156.47,89.62,11.99
51,upernavik,98,GL,1666558378,75,72.7868,-56.1549,26.92,4.88
52,bluff,100,NZ,1666558378,80,-46.6,168.3333,46.38,18.81
53,mataura,100,NZ,1666558378,99,-46.1927,168.8643,44.13,4.94
54,mecca,0,SA,1666558370,62,21.4267,39.8261,80.38,4.92
55,yumen,0,CN,1666558379,29,40.2833,97.2,45.57,5.75
56,jamestown,0,US,1666558379,32,42.097,-79.2353,71.24,3.44
57,sur,0,OM,1666558379,39,22.5667,59.5289,80.13,8.23
58,atar,0,MR,1666558146,12,20.5169,-13.0499,88.88,5.3
59,tezu,100,IN,1666558122,62,27.9167,96.1667,71.71,2.68
60,bambous virieux,11,MU,1666558380,82,-20.2567,57.4061,72.55,8.63
61,juneau,100,US,1666558380,81,58.3019,-134.4197,40.21,8.05
62,busselton,70,AU,1666558381,90,-33.65,115.3333,54.91,7.29
63,dingle,100,PH,1666558382,92,10.9995,122.6711,75.79,5.55
64,tuktoyaktuk,20,CA,1666558382,85,69.4541,-133.0374,14.0,5.75
65,kruisfontein,100,ZA,1666558382,94,-34.0033,24.7314,60.89,4.27
66,kenai,0,US,1666558383,77,60.5544,-151.2583,41.14,0.0
67,mys shmidta,100,RU,1666558383,97,62.0589,48.6201,36.14,9.78
68,butaritari,99,KI,1666558384,78,3.0707,172.7902,80.19,10.04
69,aguas belas,20,ES,1666558384,77,42.202,-0.2081,60.75,6.91
70,hobart,75,AU,1666558385,76,-42.8794,147.3294,51.66,8.05
71,new norfolk,91,LR,1666558385,96,6.6518,-10.5932,74.34,2.08
72,tuatapere,100,NZ,1666558386,89,-46.1333,167.6833,45.82,9.06
73,hualmay,98,PE,1666558386,72,-11.0964,-77.6139,65.64,11.25
74,bulungu,100,CD,1666558387,79,-4.55,18.6,75.42,1.43
75,tocopilla,20,CL,1666558352,61,-22.092,-70.1979,66.38,7.7
76,samarai,28,PG,1666558388,76,-10.6167,150.6667,80.78,4.88
77,mazamari,100,PE,1666558388,84,-11.3258,-74.5308,78.49,2.26
78,lavrentiya,100,RU,1666558389,97,65.5833,-171.0,30.99,3.94
79,tilichiki,29,RU,1666558236,90,60.4667,166.1,9.27,6.62
80,hasaki,100,JP,1666558389,77,35.7333,140.8333,57.6,26.02
81,krasnyy chikoy,100,RU,1666558390,97,54.5678,31.4333,45.07,9.89
82,kaitangata,100,NZ,1666558390,95,-46.2817,169.8464,44.96,7.31
83,ahipara,0,NZ,1666558391,61,-35.1667,173.1667,61.23,3.87
84,moindou,99,NC,1666558391,75,-21.6924,165.677,74.55,11.25
85,mangrol,0,IN,1666558392,55,21.1167,70.1167,79.39,1.7
86,yagodnoye,67,RU,1666558392,98,62.55,149.6667,-13.0,3.6
87,salalah,5,OM,1666558393,71,17.0151,54.0924,77.04,2.55
88,aykhal,100,RU,1666558393,97,66.0,111.5,27.12,6.29
89,jalu,0,LY,1666558394,34,29.0331,21.5482,66.34,6.46
90,barrow,18,US,1666558394,91,71.2906,-156.7887,19.51,19.3
91,grindavik,75,IS,1666558167,93,63.8424,-22.4338,41.47,18.41
92,east london,62,IS,1666558395,90,65.0,-15.0,33.55,5.86
93,athabasca,99,CA,1666558395,70,54.7169,-113.2854,45.01,5.7
94,uglegorsk,96,RU,1666558396,68,49.0833,142.0333,33.6,3.89
95,haukipudas,0,FI,1666558396,59,65.1765,25.3523,37.45,19.53
96,emirdag,4,TR,1666558397,32,39.0197,31.15,52.25,2.17
97,nantucket,100,US,1666558356,94,41.2835,-70.0995,58.08,20.69
98,rodrigues alves,8,MU,1666558398,69,-19.7,63.4167,70.21,18.77
99,qaanaaq,100,GL,1666558398,93,77.484,-69.3632,21.6,1.83
100,yaan,100,NG,1666558398,88,7.3833,8.5667,76.23,5.14
101,merritt island,81,CA,1666558399,35,50.1123,-120.7942,49.06,4.36
102,saint-denis,0,FR,1666558399,65,48.9167,2.3333,65.17,14.97
103,fairbanks,100,US,1666558203,94,64.8378,-147.7164,31.23,0.0
104,tahoua,0,NE,1666558400,21,14.8888,5.2692,85.98,4.61
105,albany,100,US,1666558204,63,42.6001,-73.9662,61.63,0.78
106,bowen,100,AU,1666558401,73,-20.0167,148.2333,79.45,11.5
107,chokurdakh,97,RU,1666558401,98,70.6333,147.9167,-1.43,8.7
108,aksu,100,CN,1666558402,33,41.1231,80.2644,53.65,3.6
109,verkh-usugli,83,RU,1666558402,76,52.7,115.1667,26.42,1.81
110,tasiilaq,100,GL,1666558120,97,65.6145,-37.6368,32.16,7.7
111,hofn,100,IS,1666558403,78,64.2539,-15.2082,40.48,8.66
112,bathsheba,40,BB,1666558331,70,13.2167,-59.5167,86.61,18.41
113,hilo,56,US,1666558404,85,19.7297,-155.09,78.12,1.01
114,avarua,75,CK,1666558404,94,-21.2078,-159.775,77.05,9.22
115,korla,100,CN,1666558404,36,41.7597,86.1469,51.58,3.53
116,aonla,0,IN,1666558405,61,28.2833,79.15,67.87,7.07
117,mokolo,43,CM,1666558406,65,10.7398,13.8019,76.23,4.27
118,mogadishu,18,SO,1666558370,83,2.0371,45.3438,77.77,13.27
119,sao filipe,0,IN,1666558363,55,20.5113,76.2129,65.5,0.76
120,huarmey,63,PE,1666558407,73,-10.0681,-78.1522,66.65,11.45
121,maniitsoq,100,GL,1666558407,89,65.4167,-52.9,36.9,11.97
122,berdigestyakh,100,RU,1666558408,91,62.0989,126.6992,21.42,9.42
123,mount isa,79,GB,1666558408,99,53.6597,-1.8537,55.49,0.43
124,pevek,100,RU,1666558409,94,69.7008,170.3133,14.94,4.29
125,poum,100,NC,1666558409,83,-20.2333,164.0167,76.3,28.14
126,bilma,14,NE,1666558326,23,18.6853,12.9164,82.31,8.95
127,ribeira grande,75,ES,1666558409,84,42.7461,-8.4439,62.24,11.5
128,namatanai,99,PG,1666558410,71,-3.6667,152.4333,80.67,2.28
129,antigonish,100,CA,1666558131,79,45.6169,-61.9986,63.75,3.31
130,anadyr,75,RU,1666558411,86,64.75,177.4833,21.7,13.42
131,chitaga,100,CO,1666558411,94,7.1378,-72.6646,59.61,3.65
132,kaka,100,TM,1666558412,57,37.3482,59.6143,59.76,2.86
133,codrington,100,AU,1666558412,96,-38.2667,141.9667,53.37,18.3
134,pisco,0,PE,1666558412,64,-13.7,-76.2167,69.85,19.57
135,rawson,57,AR,1666558413,15,-43.3002,-65.1023,78.55,16.11
136,vardo,75,NO,1666558413,60,70.3705,31.1107,39.18,23.02
137,voyvozh,100,RU,1666558413,97,62.892,54.9635,33.57,11.81
138,ponta do sol,63,PT,1666558414,60,38.7333,-28.2667,59.68,21.81
139,katherine,87,AU,1666558414,72,-14.4667,132.2667,82.85,8.9
140,victoria,92,HK,1666558117,73,22.2855,114.1577,77.38,8.99
141,hithadhoo,94,MV,1666558132,72,-0.6,73.0833,81.48,6.64
142,hailar,36,CN,1666558415,66,49.2,119.7,25.92,7.23
143,nishihara,100,JP,1666558175,73,26.1842,127.7558,74.48,24.16
144,antsohihy,0,MG,1666558415,81,-14.8796,47.9875,73.06,0.69
145,sangar,100,RU,1666558416,87,63.9242,127.4739,13.15,16.89
146,santa luzia,99,PH,1666558416,87,17.486,120.4348,76.35,5.23
147,doha,0,QA,1666558416,67,25.2867,51.5333,84.09,4.61
148,akyab,100,MM,1666558416,81,20.15,92.9,80.92,19.8
149,karasburg,49,NA,1666558417,39,-28.0167,18.75,71.2,10.71
150,cidreira,42,BR,1666558417,83,-30.1811,-50.2056,63.32,9.86
151,immokalee,18,US,1666558197,61,26.4187,-81.4173,84.94,11.3
152,cape town,12,CL,1666558418,38,-36.413,-71.9028,67.42,4.99
153,kieta,56,PG,1666558418,78,-6.2167,155.6333,80.98,0.4
154,aklavik,91,CA,1666558418,93,68.2191,-135.0107,14.74,2.73
155,touros,66,BR,1666558419,78,-5.1989,-35.4608,78.73,12.97
156,omboue,100,GA,1666558201,92,-1.5746,9.2618,76.78,6.06
157,arima,40,TT,1666558291,81,10.6333,-61.2833,85.53,11.5
158,pangnirtung,100,CA,1666558419,93,66.1451,-65.7125,30.2,3.44
159,floro,75,NO,1666558420,100,61.5996,5.0328,50.07,10.36
160,burnie,100,AU,1666558420,64,-41.0667,145.9167,51.94,20.69
161,poso,99,ID,1666558420,85,-1.3959,120.7524,77.38,4.36
162,moerai,99,PF,1666558420,83,-22.4333,-151.3333,74.53,11.61
163,raudeberg,100,NO,1666558421,13,61.9875,5.1352,46.87,2.95
164,saint-philippe,40,RE,1666558421,84,-21.3585,55.7679,69.39,9.89
165,akureyri,0,IS,1666558421,80,65.6835,-18.0878,31.93,3.44
166,kedrovyy,100,RU,1666558422,89,56.1667,91.8167,30.87,11.54
167,khatanga,33,RU,1666558171,88,71.9667,102.5,6.96,8.81
168,mandan,0,US,1666558221,58,46.8267,-100.8896,64.0,13.8
169,vao,100,NC,1666558422,78,-22.6667,167.4833,72.99,26.08
170,okha,37,RU,1666558422,68,53.5739,142.9478,26.74,4.38
171,zhigansk,100,RU,1666558423,90,66.7697,123.3711,22.66,29.57
172,bima,12,ID,1666558423,92,-8.4667,118.7167,77.86,3.27
173,caloundra,42,AU,1666558424,89,-26.8,153.1333,69.89,1.01
174,listvyanskiy,98,RU,1666558424,91,54.4399,83.4984,31.37,13.4
175,florianopolis,75,BR,1666558424,88,-27.6146,-48.5012,67.23,6.91
176,cartagena,40,CO,1666558390,70,10.3997,-75.5144,85.62,5.75
177,paamiut,100,GL,1666558425,99,61.994,-49.6678,35.1,9.71
178,darlowo,100,PL,1666558425,87,54.421,16.4107,53.8,7.38
179,luanda,0,AO,1666558210,83,-8.8368,13.2343,77.0,11.5
180,ampanihy,0,MG,1666558425,85,-24.7,44.75,69.06,2.53
181,ancud,100,CL,1666558426,91,-41.8697,-73.8203,48.81,21.68
182,vila velha,95,PT,1666558426,93,42.0304,-8.1588,49.08,5.95
183,norman wells,0,US,1666558426,49,35.2226,-97.4395,82.89,28.77
184,luderitz,78,NA,1666558427,87,-26.6481,15.1594,60.78,14.97
185,saint-pierre,0,RE,1666558427,83,-21.3393,55.4781,70.92,4.61
186,sorland,100,NO,1666558161,51,67.667,12.6934,39.06,9.31
187,mae sai,100,CN,1666558427,36,34.8244,108.9303,55.18,3.22
188,nome,100,US,1666558428,97,64.5011,-165.4064,37.17,18.41
189,north bend,39,FR,1666558428,95,50.3333,3.6667,63.81,12.57
190,morros,71,BR,1666558428,47,-9.4467,-46.3003,84.7,4.47
191,cabo san lucas,49,BR,1666558429,79,-8.2833,-35.0333,82.33,8.55
192,fort frances,100,NL,1666558429,89,52.6517,6.3861,62.1,14.2
193,asau,39,RO,1666558429,91,46.4333,26.4,47.32,5.53
194,aswan,0,EG,1666558430,35,24.0934,32.907,76.3,10.36
195,birin,51,NP,1666558430,49,26.8865,88.0718,55.96,5.93
196,rundu,40,NA,1666558430,58,-17.9333,19.7667,71.08,3.2
197,esperance,100,AU,1666558431,84,-33.8667,121.9,53.37,15.05
198,kousseri,67,CM,1666558431,65,12.0769,15.0306,84.16,2.3
199,sao gabriel da cachoeira,0,IN,1666558432,55,20.5113,76.2129,65.5,0.76
200,muroto,41,JP,1666558432,76,33.2833,134.15,64.31,18.99
201,oranjemund,66,NA,1666558432,96,-28.55,16.4333,59.68,4.34
202,qena,0,EG,1666558433,31,26.1615,32.7183,72.34,8.01
203,thompson,100,CA,1666558365,60,55.7435,-97.8558,35.76,11.5
204,port lincoln,67,CD,1666558363,41,-7.0349,29.7638,78.21,5.37
205,sumenep,72,ID,1666558433,83,-7.0167,113.8667,79.59,3.09
206,ginir,21,ET,1666558434,86,7.1333,40.7,56.16,4.88
207,labuhan,95,ID,1666558434,84,-6.8844,112.2051,79.16,8.34
208,honningsvag,75,NO,1666558157,81,70.9821,25.9704,38.95,20.71
209,komsomolskiy,100,UZ,1666558435,81,40.4272,71.7189,56.95,2.3
210,gavle,100,SE,1666558196,80,60.6745,17.1417,39.0,0.47
211,mount gambier,79,GB,1666558408,99,53.6597,-1.8537,55.49,0.43
212,tessalit,61,ML,1666558436,18,20.1986,1.0114,77.05,11.05
213,camocim,65,BR,1666558437,74,-2.9022,-40.8411,81.28,18.05
214,bubanza,80,BI,1666558437,57,-3.1167,29.4,73.31,3.58
215,liuhe,4,CN,1666558437,63,42.2401,125.7172,31.21,2.04
216,longyearbyen,20,SJ,1666558438,73,78.2186,15.6401,19.24,11.5
217,bobcaygeon,100,CA,1666558438,51,44.5462,-78.542,70.88,7.4
218,beyneu,100,KZ,1666558438,48,45.3167,55.2,48.38,10.11
219,kabinda,67,CD,1666558439,77,-6.1333,24.4833,70.29,2.24
220,ust-koksa,35,RU,1666558439,87,50.2696,85.6108,23.23,2.53
221,yelizavetinskoye,100,RU,1666558440,90,45.0072,43.3494,48.63,5.39
222,kashan,0,IR,1666558440,26,33.9831,51.4364,67.59,0.0
223,port elizabeth,31,CD,1666558440,42,-7.0349,29.7638,78.04,4.99
224,cabedelo,11,BR,1666558196,80,-6.9811,-34.8339,81.27,11.03
225,matanzas,59,CU,1666558441,71,23.0411,-81.5775,80.33,14.67
226,wilmington island,100,US,1666558441,59,34.2257,-77.9447,75.11,4.0
227,georgetown,40,MY,1666558211,87,5.4112,100.3354,79.95,14.0
228,leningradskiy,99,RU,1666558442,94,69.3833,178.4167,20.57,10.78
229,hervey bay,11,US,1666558442,42,33.4982,-93.7771,84.47,15.39
230,clyde river,53,US,1666558443,43,41.3042,-82.9752,76.91,12.1
231,tiksi,100,RU,1666558443,95,71.6872,128.8694,20.73,10.31
232,batagay,99,RU,1666558443,94,67.6333,134.6333,0.12,5.37
233,severo-kurilsk,99,RU,1666558444,92,50.6789,156.125,37.11,2.35
234,kamenka,100,RU,1666558444,67,51.3223,42.7678,44.33,12.19
235,isangel,100,VU,1666558368,78,-19.55,169.2667,75.31,13.8
236,lazurne,24,UA,1666558445,84,46.084,32.5295,56.64,15.48
237,kintampo,31,GH,1666558445,70,8.0563,-1.7306,77.95,4.61
238,amga,96,RU,1666558446,99,60.8953,131.9608,14.31,3.24
239,chake chake,10,CN,1666558446,97,23.86,103.046,56.64,2.62
240,porto novo,75,PT,1666558158,94,41.1496,-8.611,62.2,14.0
241,otradnoye,100,RU,1666558446,89,59.7775,30.8181,42.85,6.31
242,grand river south east,100,US,1666558371,49,38.8755,-109.5012,41.99,4.12
243,kupang,84,ID,1666558447,83,-10.1667,123.5833,79.27,4.25
244,zhukovskiy,100,RU,1666558158,100,55.5953,38.1203,43.52,2.24
245,ende,99,ID,1666558447,85,-8.8432,121.6623,78.94,0.6
246,boguchany,98,RU,1666558448,67,58.3814,97.4531,33.1,16.13
247,talnakh,100,RU,1666558448,96,69.4865,88.3972,22.44,6.96
248,timizart,15,DZ,1666558448,36,36.8,4.2667,71.69,8.68
249,bengkulu,98,ID,1666557907,89,-3.8004,102.2655,75.83,3.0
250,khor,9,RU,1666558449,87,47.8861,134.9464,30.87,4.32
251,martapura,100,ID,1666558449,100,-3.4167,114.85,77.09,2.3
252,princeton,0,US,1666558450,62,25.5384,-80.4089,84.02,14.97
253,birao,5,CF,1666558450,34,10.2849,22.7882,74.3,4.47
254,imbituba,50,BR,1666558451,86,-28.24,-48.6703,66.47,5.28
255,airai,77,TL,1666558451,76,-8.9266,125.4092,60.64,2.46
256,eureka,1,US,1666558451,73,40.8021,-124.1637,63.75,8.99
257,saldanha,12,ZA,1666558238,90,-33.0117,17.9442,60.85,20.47
258,basco,100,PH,1666558452,84,20.4487,121.9702,79.84,25.7
259,sitka,100,US,1666558453,86,57.0531,-135.33,41.16,11.9
260,caravelas,32,BR,1666558257,83,-17.7125,-39.2481,76.03,9.06
261,kloulklubed,99,PW,1666558453,76,7.0419,134.2556,83.77,12.33
262,wajima,95,JP,1666558454,62,37.4,136.9,55.9,13.18
263,cherskiy,100,RU,1666558454,95,68.75,161.3,10.47,9.06
264,tadine,100,NC,1666558455,77,-21.55,167.8833,72.63,22.88
265,aripuana,99,BR,1666558417,58,-9.1667,-60.6333,85.62,3.11
266,senador guiomard,73,HT,1666558456,55,18.8188,-71.9016,84.02,2.42
267,saint-louis,0,SN,1666558456,38,16.3333,-15.0,89.19,16.78
268,dolores,87,AR,1666558456,52,-36.3132,-57.6792,60.91,11.45
269,mahebourg,75,MU,1666558457,83,-20.4081,57.7,73.69,3.44
270,alofi,75,NU,1666558457,83,-19.0595,-169.9187,78.69,8.05
271,adwa,4,ET,1666558458,55,14.1646,38.8955,63.54,5.03
272,santa marta,99,PH,1666558458,87,17.486,120.4348,76.35,5.23
273,forest grove,99,US,1666558459,44,37.3638,-79.2897,71.19,1.01
274,gandai,85,IN,1666558459,63,21.6667,81.1,64.65,6.02
275,masjid tanah,0,SY,1666558460,38,36.7645,40.085,65.97,5.86
276,ilulissat,100,GL,1666558460,99,69.2167,-51.1,33.24,2.66
277,ust-ishim,85,RU,1666558460,68,57.6935,71.1665,29.19,10.6
278,saint-francois,0,FR,1666558461,67,46.4154,3.9054,62.04,5.75
279,zhoucheng,39,CN,1666558190,42,35.9122,116.3117,53.98,4.34
280,kankon,9,IN,1666558461,63,15.0167,74.0167,75.0,6.46
281,nouadhibou,59,MR,1666558462,88,20.931,-17.0347,69.78,16.11
282,constitucion,81,CL,1666558462,58,-35.3333,-72.4167,56.61,6.85
283,jibuti,2,DJ,1666558463,74,11.5,42.5,74.98,12.44
284,benghazi,18,LY,1666558463,67,32.1167,20.0667,71.83,9.01
285,hamilton,0,US,1666558423,39,39.1834,-84.5333,79.65,4.0
286,taoudenni,49,ML,1666558464,13,22.6783,-3.9836,86.02,11.48
287,hambantota,84,LK,1666558464,80,6.1241,81.1185,78.13,13.4
288,vestmannaeyjar,100,IS,1666558465,81,63.4427,-20.2734,43.59,23.44
289,arlit,83,NE,1666558465,20,18.7369,7.3853,81.52,13.91
290,dasoguz,0,TM,1666558465,66,41.8363,59.9666,46.35,9.22
291,sal rei,1,JO,1666558466,70,32.5694,35.9119,65.61,5.64
292,chifeng,19,CN,1666558466,39,42.2683,118.9636,36.88,4.47
293,plouzane,100,FR,1666558221,91,48.3833,-4.6167,57.52,21.85
294,kirakira,70,SB,1666558467,79,-10.4544,161.9205,81.37,2.44
295,canicatti,0,IT,1666558467,69,37.3589,13.8504,65.21,0.76
296,darien,0,US,1666558265,52,41.752,-87.974,78.89,23.02
297,melilla,0,ES,1666558468,68,35.2937,-2.9383,70.18,2.3
298,nabire,100,ID,1666558468,91,-3.3667,135.4833,73.9,3.74
299,palanga,100,LT,1666558468,100,55.9175,21.0686,50.02,1.14
300,santa rosa,99,PH,1666558458,87,17.486,120.4348,76.35,5.23
301,banfora,37,BF,1666558469,56,10.6333,-4.7667,80.78,2.19
302,berlevag,100,NO,1666558469,81,70.8578,29.0864,37.4,16.11
303,kavaratti,70,IN,1666558470,76,10.5669,72.642,80.94,2.35
304,morant bay,92,JM,1666558470,82,17.9,-76.4333,87.48,4.72
305,port hueneme,67,CD,1666558363,41,-7.0349,29.7638,78.21,5.37
306,santa lucia,99,PH,1666558470,87,17.486,120.4348,76.35,5.23
307,vestmanna,100,FO,1666558471,81,62.1564,-7.1664,43.72,10.36
308,kavieng,74,PG,1666558471,69,-2.5744,150.7967,81.52,3.8
309,port hardy,31,CD,1666558472,42,-7.0349,29.7638,78.04,4.99
310,sept-iles,20,CA,1666558472,74,50.2001,-66.3821,55.92,2.3
311,roald,75,NO,1666558472,87,62.5833,6.1333,50.16,2.3
312,san juan,77,ML,1666558473,27,13.3034,-4.8956,89.04,5.68
313,jiblah,2,YE,1666558473,74,13.9216,44.1467,61.03,1.88
314,sioux lookout,0,US,1666558473,34,42.7333,-96.2336,84.7,29.93
315,shenjiamen,28,CN,1666558474,56,29.9576,122.298,63.91,21.23
316,moron,70,AR,1666558474,68,-34.6534,-58.6198,67.95,10.11
317,mattru,99,SL,1666558474,95,7.6244,-11.8332,75.33,2.06
318,port arthur,67,CD,1666558475,41,-7.0349,29.7638,78.21,5.37
319,camara de lobos,3,AR,1666558475,39,-31.6548,-64.421,76.87,14.16
320,ouallam,1,NE,1666558475,15,14.3188,2.0866,87.26,8.12
321,penzance,100,GB,1666558475,89,50.1186,-5.5371,58.77,10.36
322,avera,8,US,1666558476,40,33.194,-82.5271,77.56,3.51
323,mujiayingzi,14,CN,1666558262,41,42.1167,118.7833,36.36,5.03
324,champerico,22,GT,1666558476,72,14.3,-91.9167,83.7,4.88
325,zaragoza,0,ES,1666558375,56,41.6561,-0.8773,70.02,3.44
326,finschhafen,73,PG,1666558477,83,-6.6024,147.8681,78.89,5.32
327,igrim,100,RU,1666558477,94,63.1906,64.4162,33.17,15.17
328,sola,100,VU,1666558477,94,-13.8833,167.55,75.87,0.0
329,tura,100,IN,1666558478,78,25.5198,90.2201,70.2,3.96
330,gladstone,33,AU,1666558478,70,-23.85,151.25,74.79,0.92
331,marsh harbour,62,GB,1666558478,99,53.6512,-1.8078,56.59,1.9
332,cap malheureux,50,FR,1666558479,73,49.2718,-1.2104,60.42,28.88
333,steinbach,0,DE,1666558479,94,50.1667,8.5667,61.02,2.3
334,torbay,40,CA,1666558479,81,47.6666,-52.7314,58.26,11.5
335,dumas,0,US,1666558480,29,35.8656,-101.9732,80.74,32.21
336,faanui,92,PF,1666558480,75,-16.4833,-151.75,79.18,12.17
337,zheleznodorozhnyy,100,RU,1666558203,94,55.7503,38.0042,43.36,4.32
338,belmonte,81,BR,1666558480,83,-15.8631,-38.8828,76.86,9.95
339,gigmoto,50,PH,1666558481,84,13.7796,124.39,80.13,6.08
340,auki,59,SB,1666558481,84,-8.7676,160.7034,80.11,2.48
341,iqaluit,75,CA,1666558481,92,63.7506,-68.5145,29.93,9.22
342,graaff-reinet,83,ZA,1666558482,76,-32.2522,24.5308,62.92,7.02
343,lompoc,0,US,1666558482,43,34.6391,-120.4579,77.68,16.11
344,ukhta,100,RU,1666558483,95,63.5671,53.6835,34.45,9.75
345,usinsk,98,RU,1666558483,89,65.9939,57.5281,33.26,14.36
346,acajutla,27,SV,1666558483,70,13.5928,-89.8275,83.66,3.56
347,naze,0,JP,1666558484,66,28.3667,129.4833,67.12,18.88
348,isla vista,35,PH,1666558484,90,15.8939,120.3036,75.78,6.17
349,qaqortoq,99,GL,1666558484,92,60.7167,-46.0333,35.2,5.14
350,padang,100,ID,1666558254,93,-0.9492,100.3543,75.43,2.62
351,gamboula,86,CF,1666558485,97,4.1178,15.1393,69.04,2.33
352,vanimo,91,PG,1666558485,88,-2.6741,141.3028,77.56,3.42
353,lata,91,PT,1666558485,95,40.1629,-8.3327,62.82,4.34
354,oistins,40,BB,1666558485,70,13.0667,-59.5333,86.09,18.41
355,katsuura,100,JP,1666558486,82,35.1333,140.3,62.13,23.11
356,saint-augustin,9,CA,1666558486,55,51.226,-58.6502,53.04,10.36
357,dahuk,0,IQ,1666558487,40,36.8695,42.994,64.33,2.82
358,ondjiva,23,AO,1666558488,38,-17.0667,15.7333,79.86,4.03
359,bhadrachalam,100,IN,1666558488,90,17.6667,80.8833,68.52,3.67
360,meulaboh,97,ID,1666558488,87,4.1363,96.1285,77.59,5.95
361,north myrtle beach,80,FR,1666558488,95,50.3333,3.6667,63.81,15.41
362,medea,88,DZ,1666558489,28,36.2642,2.7539,65.82,6.76
363,sinnamary,98,GF,1666558489,80,5.3833,-52.95,82.44,13.18
364,seki,28,JP,1666558489,72,34.85,136.4,59.92,9.6
365,yamada,98,JP,1666558490,73,39.4667,141.95,45.68,8.57
366,roma,100,US,1666558490,65,43.2128,-75.4557,66.09,5.48
367,verkhnyaya sinyachikha,100,RU,1666558490,97,60.9844,40.2072,38.1,9.01
368,vilhena,40,BR,1666558222,61,-12.7406,-60.1458,84.42,8.05
369,russell,0,US,1666558491,29,32.3502,-85.1999,78.08,3.44
370,yerbogachen,100,RU,1666558491,77,61.2767,108.0108,43.36,17.63
371,nizhnyaya salda,11,RU,1666558491,79,63.4737,41.607,33.78,9.37
372,narsaq,99,GL,1666558492,92,60.9167,-46.05,33.46,5.28
373,coihaique,75,CL,1666558492,66,-45.5752,-72.0662,52.41,5.75
374,phan rang,57,TH,1666558493,93,19.5539,99.7405,70.25,1.59
375,aviles,0,ES,1666558359,57,43.5547,-5.9248,65.59,10.36
376,raga,80,SS,1666558493,70,8.4596,25.678,71.4,2.26
377,mutoko,67,ZW,1666558493,54,-17.397,32.2268,65.73,4.72
378,ostrovnoy,100,RU,1666558494,83,68.0531,39.5131,40.01,20.09
379,nemuro,99,JP,1666558494,84,43.3236,145.575,47.39,16.02
380,shimoda,86,JP,1666558494,83,34.6667,138.95,60.1,11.36
381,shunyi,0,CN,1666558495,93,40.125,116.6453,37.35,4.47
382,baruun-urt,0,MN,1666558495,47,46.6806,113.2792,34.05,9.1
383,chuy,75,UY,1666558495,86,-33.6971,-53.4616,60.64,10.36
384,rocky mountain house,96,US,1666558495,32,35.157,-99.0604,80.42,22.17
385,high level,10,US,1666558496,35,33.6123,-95.7472,85.95,19.19
386,sakakah,73,SA,1666558490,32,29.9697,40.2064,76.57,8.88
387,codajas,100,BR,1666558496,69,-3.8367,-62.0569,83.66,3.09
388,husavik,100,IS,1666558497,78,66.0449,-17.3389,34.03,9.42
389,taksimo,100,RU,1666558497,86,56.3444,114.8794,24.49,0.98
390,pacific grove,87,US,1666558497,58,38.482,-90.7415,79.36,4.0
391,yarkovo,82,RU,1666558498,66,57.4028,67.0786,30.67,12.12
392,udachnyy,100,RU,1666558498,92,66.4167,112.4,30.45,11.23
393,zavodoukovsk,60,RU,1666558498,68,56.5042,66.5515,29.37,11.77
394,daru,66,PG,1666558499,80,-9.0763,143.2092,79.72,1.57
395,ambulu,50,ID,1666558499,91,-8.345,113.6058,76.39,1.9
396,biak,100,ID,1666558499,77,-0.9131,122.8766,78.04,0.92
397,ilheus,75,BR,1666558500,83,-14.7889,-39.0494,80.42,5.75
398,grimshaw,100,CA,1666558500,86,56.1834,-117.6027,29.82,6.91
399,jiuquan,48,CN,1666558501,29,39.7432,98.5174,46.85,5.35
400,rudnya,100,RU,1666558501,95,54.947,31.0934,44.56,9.91
401,vostok,8,RU,1666558501,96,46.4856,135.8833,24.13,1.21
402,riberalta,75,BO,1666558502,62,-10.9833,-66.1,88.0,6.91
403,sabang,98,ID,1666558503,77,5.8933,95.3214,81.9,16.06
404,mbulu,92,TZ,1666558503,71,-3.85,35.5333,61.29,13.69
405,huntsville,72,US,1666558504,33,34.7304,-86.5861,79.16,8.01
406,kijang,0,KR,1666558505,45,35.2442,129.2139,49.73,8.79
407,chotila,0,IN,1666558506,35,22.4167,71.1833,75.47,4.07
408,kaeo,0,NZ,1666558506,82,-35.1,173.7833,61.32,0.65
409,port hedland,31,CD,1666558472,42,-7.0349,29.7638,78.04,4.99
410,puertollano,99,ES,1666558507,73,38.6871,-4.1073,61.2,6.87
411,winneba,37,GH,1666558507,86,5.3511,-0.6231,78.49,6.58
412,batagay-alyta,100,RU,1666558508,94,67.8006,130.4114,2.73,2.13
413,halifax,100,CA,1666558362,65,44.6453,-63.5724,61.68,3.44
414,muli,37,MV,1666558508,75,2.9167,73.5667,81.52,16.31
415,sinjar,0,IQ,1666558509,36,36.3209,41.8754,67.01,6.96
416,elizabeth city,100,US,1666558358,68,40.664,-74.2107,63.19,11.99
417,grand gaube,100,US,1666558509,63,38.8755,-109.5012,38.95,5.64
418,lahij,2,YE,1666558510,72,13.1667,44.5833,76.69,3.96
419,inuvik,40,CA,1666558510,85,68.3499,-133.7218,15.01,8.05
420,cururupu,74,BR,1666558493,77,-1.8283,-44.8683,79.12,5.28
421,lingdong,0,CN,1666558254,64,46.5669,131.1453,29.1,4.23
422,bajil,0,YE,1666558512,62,15.0584,43.2851,84.16,3.67
423,swan river,97,PH,1666558512,98,18.2242,121.3791,74.26,0.98
424,masvingo,5,ZW,1666558513,67,-20.0637,30.8277,67.96,4.21
425,sandwick,100,GB,1666558513,93,60.0,-1.25,51.62,11.5
426,sturgeon bay,13,US,1666558514,43,40.3848,-80.2109,73.98,3.38
427,athens,0,GR,1666558131,74,37.9795,23.7162,70.38,0.0
428,boardman,94,US,1666558324,32,41.0242,-80.6628,73.26,1.01
429,vanderhoof,100,CA,1666558514,38,54.0166,-124.0198,42.55,10.09
430,leeton,99,AU,1666558515,89,-34.5667,146.4,60.46,14.18
431,rocha,71,UY,1666558515,85,-34.4833,-54.3333,60.08,8.23
432,bethel,100,US,1666558516,63,41.3712,-73.414,60.67,1.01
433,tomatlan,100,MX,1666558517,83,19.9333,-105.25,81.66,3.58
434,grand-bourg,0,GP,1666558517,74,15.8835,-61.3148,84.4,10.71
435,cockburn town,95,AU,1666558518,86,-32.0833,141.0,59.31,8.01
436,cervo,38,ES,1666558518,72,43.6702,-7.4101,61.97,16.69
437,hay river,100,GB,1666558518,97,52.0705,-3.1274,55.27,2.8
438,atasu,99,KZ,1666558519,48,48.6814,71.6433,30.25,4.27
439,srednekolymsk,100,RU,1666558346,93,67.45,153.6833,-1.23,6.89
440,manono,72,CD,1666558520,59,-7.3,27.4167,75.02,2.8
441,liwale,18,TZ,1666558520,91,-9.7667,37.9333,66.67,4.94
442,safranbolu,6,TR,1666558521,71,41.2508,32.6942,50.29,1.68
443,northam,96,GB,1666558521,96,51.0333,-4.2167,53.62,0.81
444,orica,65,HN,1666558521,74,14.7,-86.95,76.1,2.86
445,lensk,100,RU,1666558522,74,60.7253,114.9278,41.02,12.71
446,trelew,66,AR,1666558522,6,-43.249,-65.3051,83.37,22.17
447,mehamn,75,NO,1666558523,75,71.0357,27.8492,37.35,17.27
448,bundaberg,100,AU,1666558523,100,-24.85,152.35,68.29,5.75
449,puerto escondido,0,ES,1666558369,86,36.5939,-6.233,68.25,2.3
450,bandarbeyla,17,SO,1666558524,81,9.4942,50.8122,78.04,1.95
451,vila franca do campo,95,PT,1666558524,93,42.0304,-8.1588,49.08,5.95
452,pangody,100,RU,1666558525,93,65.85,74.4859,27.54,12.08
453,ulladulla,100,AU,1666558525,94,-35.35,150.4667,61.7,5.77
454,laguna,0,US,1666558526,25,38.421,-121.4238,71.76,5.99
455,guadalupe y calvo,100,MX,1666558452,74,25.6833,-100.25,91.4,6.29
456,fortuna,0,US,1666558526,62,40.5982,-124.1573,60.93,16.11
457,kigoma,45,TZ,1666558527,53,-4.8769,29.6267,76.95,3.76
458,nanakuli,75,US,1666558528,65,21.3906,-158.1547,83.1,6.91
459,kingsport,0,US,1666558441,34,36.5484,-82.5618,76.12,1.99
460,novoagansk,100,RU,1666558529,72,61.9449,76.6625,30.38,16.8
461,hope,8,US,1666558306,33,33.6671,-93.5916,84.25,14.14
462,west bay,75,US,1666558529,44,31.8024,-97.0917,86.68,20.71
463,wajir,87,KE,1666558231,54,1.7471,40.0573,82.4,14.52
464,port moresby,31,CD,1666558440,42,-7.0349,29.7638,78.04,4.99
465,lagoa,43,PT,1666558128,69,39.05,-27.9833,64.38,23.04
466,matagami,0,CA,1666558530,49,49.7502,-77.6328,69.91,14.97
467,ketchikan,100,US,1666558072,87,55.3422,-131.6461,43.27,20.71
468,diamantino,92,BR,1666558530,65,-14.4086,-56.4461,81.9,4.92
469,pochutla,93,MX,1666558531,77,15.7432,-96.4661,86.83,4.27
470,alice springs,75,US,1666558531,58,27.7523,-98.0697,87.24,23.02
471,adeje,20,ES,1666558531,87,28.1227,-16.726,70.9,6.91
472,necochea,100,AR,1666558071,35,-38.5473,-58.7368,68.85,14.05
473,goderich,43,CA,1666558112,40,43.7501,-81.7165,73.72,11.5
474,naron,27,ES,1666558078,83,43.5167,-8.1528,62.6,16.13
475,aitape,92,PG,1666558532,87,-3.1374,142.3475,77.74,2.77
476,mayya,100,RU,1666558532,92,61.7333,130.2811,16.92,6.62
477,price,95,US,1666558533,44,39.5994,-110.8107,46.11,20.83
478,cockburn harbour,95,AU,1666558533,86,-32.0833,141.0,59.31,8.01
479,qandala,50,SO,1666558077,77,11.472,49.8728,80.67,2.51
480,perigueux,7,FR,1666558533,66,45.1833,0.7167,60.76,3.47
481,ustka,100,PL,1666558534,85,54.5805,16.8619,48.65,7.29
482,ambilobe,54,MG,1666558220,77,-13.2,49.05,72.48,2.71
483,inhambane,81,MZ,1666558534,78,-23.865,35.3833,73.69,4.61
484,avare,0,BR,1666558535,59,-23.0986,-48.9258,72.39,5.86
485,seoul,0,KR,1666557686,84,37.5683,126.9778,47.64,6.91
486,ajdabiya,0,LY,1666558535,68,30.7554,20.2263,67.75,9.64
487,domoni,15,KM,1666558535,82,-12.2569,44.5319,76.28,2.73
488,viedma,0,AR,1666558536,27,-40.8135,-62.9967,76.06,20.89
489,alghero,0,IT,1666558536,83,40.5589,8.3181,71.69,4.61
490,otane,27,NZ,1666558503,58,-39.8833,176.6333,67.01,3.62
491,altay,100,CN,1666558536,71,47.8667,88.1167,39.9,7.05
492,santiago del estero,0,CL,1666558537,27,-33.4569,-70.6483,78.55,17.27
493,palm city,81,AT,1666558537,75,47.6428,16.1094,50.41,4.05
494,kiama,100,AU,1666558537,95,-34.6833,150.8667,63.37,1.99
495,nouakchott,0,MR,1666558538,75,18.0858,-15.9785,75.13,9.89
496,san rafael,77,ML,1666558538,27,13.3034,-4.8956,89.04,5.68
497,bereda,58,ES,1666558539,99,43.2686,-7.5406,55.42,9.42
498,bardiyah,0,LY,1666558539,62,31.7561,25.0865,67.8,7.94
499,ambatolampy,79,MG,1666558297,80,-19.3833,47.4167,58.3,1.68
500,petropavlovsk-kamchatskiy,75,RU,1666558471,74,53.0452,158.6483,21.79,4.47
501,lac du bonnet,39,AL,1666558540,67,41.6356,19.7131,60.78,3.6
502,saint-leu,17,RE,1666558229,79,-21.15,55.2833,70.63,1.74
503,novita,97,CO,1666558540,94,4.9551,-76.6053,79.2,3.62
504,formoso do araguaia,100,BR,1666558541,54,-14.9467,-46.2319,77.72,4.94
505,hami,0,CN,1666558121,29,42.8,93.45,53.37,6.26
506,san quintin,77,ML,1666558541,27,13.3034,-4.8956,89.04,5.68
507,krasnoselkup,100,RU,1666558541,91,65.7,82.4667,28.0,16.49
508,santa leopoldina,99,PH,1666558261,87,17.486,120.4348,76.35,5.23
509,baiyin,100,CN,1666558542,74,36.5583,104.2081,50.23,2.66
510,guerrero negro,80,MX,1666558542,78,17.6667,-100.0,76.5,4.14
511,hudiksvall,10,SE,1666558542,84,61.729,17.1036,36.41,3.78
512,maceio,0,BR,1666558179,69,-9.6658,-35.7353,81.84,16.11
513,manado,40,ID,1666558543,94,1.487,124.8455,77.77,1.14
514,mahenge,63,TZ,1666558543,77,-8.6833,36.7167,64.42,4.76
515,miri,40,MY,1666558104,88,4.4148,114.0089,77.14,4.61
516,cangzhou,0,CN,1666558543,32,38.3167,116.8667,51.01,3.85
517,mahibadhoo,74,MV,1666558544,77,3.7833,72.9667,81.59,16.73
518,dalbandin,0,PK,1666558545,17,28.8947,64.4101,68.43,4.47
519,chernyshevskiy,100,RU,1666558202,87,63.0128,112.4714,40.84,17.67
520,broome,100,US,1666558545,65,42.2506,-75.833,65.89,4.25
521,kalmunai,94,LK,1666558063,85,7.4167,81.8167,77.41,6.15
522,yershov,73,RU,1666558545,76,51.3513,48.2766,39.18,9.33
523,koumac,96,NC,1666558546,76,-20.5667,164.2833,76.78,9.98
524,engels,99,RU,1666558546,80,51.5,46.1167,41.47,5.99
525,kendari,100,ID,1666558134,93,-3.945,122.4989,74.98,4.21
526,araouane,100,ML,1666558101,14,18.9048,-3.5265,84.94,9.75
527,tual,100,ID,1666558102,74,-5.6667,132.75,83.35,4.45
528,sebrovo,100,RU,1666558546,59,50.0981,43.2976,44.82,9.98
529,trinidad,40,BO,1666558077,66,-14.8333,-64.9,85.98,5.75
